Textbook,Teacher
asgasga,awf
asfasf,awf
fafa,asfagwg
Chemistry 1,Prof Smith
Alchemy 2,Prof Smith
Alchemy 3,Prof Smith
"kjohlsgnfe","Prof Smith"
"sbwpcqxhrp","Prof Smith"
"mtqctfrmhm","Prof Smith"
"yxuziihlyg","Prof Smith"
"jscspoqozj","Prof Smith"
"rwgddktqxf","Prof Smith"
"tpqdbdxgom","Prof Smith"
"bosntiivnk","Prof Smith"
"wwvjmsztjd","Prof Smith"
"zsjlkagsdg","Prof Smith"
"klcseokxkw","Prof Smith"
"dtlsqntcwt","Prof Smith"
"pvoghyyejn","Prof Smith"
"frtpthkxmy","Prof Smith"
"ebbeewwbkr","Prof Smith"
"guzlifpvlg","Prof Smith"
"Effective Testing in Java","faculty@university.com"
"ybqulzznqn","Prof Smith"
"Effective Testing in Java","faculty@university.com"
"xgzpytodea","Prof Smith"
"Effective Testing in Java","faculty@university.com"
"khujadctkl","Prof Smith"
"Effective Testing in Java","faculty@university.com"
"tmyhhuklwc","Prof Smith"
"Effective Testing in Java","faculty@university.com"
"vhsnybjrrm","Prof Smith"
"Effective Testing in Java","faculty@university.com"
"dqchtjjbjx","Prof Smith"
"Effective Testing in Java","faculty@university.com"
"kqlpzgfwog","Prof Smith"
"Effective Testing in Java","faculty@university.com"
"hxibpavtfy","Prof Smith"
"Effective Testing in Java","faculty@university.com"
"admqnmpijt","Prof Smith"
"Effective Testing in Java","faculty@university.com"
"ziulwydkqw","Prof Smith"
"Effective Testing in Java","faculty@university.com"
"zarfgvmcoe","Prof Smith"
"Effective Testing in Java","faculty@university.com"
"pffzzlssli","Prof Smith"
"Effective Testing in Java","faculty@university.com"
"oxrmfwaxlt","Prof Smith"
"Effective Testing in Java","faculty@university.com"
"cqgvmcfqzm","Prof Smith"
"Effective Testing in Java","faculty@university.com"
"reimkljkwi","Prof Smith"
"Effective Testing in Java","faculty@university.com"
"blxmvxnkrm","Prof Smith"
"Effective Testing in Java","faculty@university.com"
"wnoidtgzsw","Prof Smith"
"Effective Testing in Java","faculty@university.com"
"yijmokikfe","Prof Smith"
"Effective Testing in Java","faculty@university.com"
"pugpeijfcq","Prof Smith"
"Effective Testing in Java","faculty@university.com"
"mhlpdpfvjx","Prof Smith"
"Effective Testing in Java","faculty@university.com"
"twxtyiylau","Prof Smith"
"Effective Testing in Java","faculty@university.com"
"ibtcomysgk","Prof Smith"
"Effective Testing in Java","faculty@university.com"
"jbvvcmnbdl","Prof Smith"
"Effective Testing in Java","faculty@university.com"
"omeonkcwow","Prof Smith"
"Effective Testing in Java","faculty@university.com"
"agvcixmlsq","Prof Smith"
"Effective Testing in Java","faculty@university.com"
"jizxfwcgni","Prof Smith"
"Effective Testing in Java","faculty@university.com"
"sjxhugkeqg","Prof Smith"
"Effective Testing in Java","faculty@university.com"
"zkvspxgqpi","Prof Smith"
"Effective Testing in Java","faculty@university.com"
"yurbetsezw","Prof Smith"
"Effective Testing in Java","faculty@university.com"
"bqkncixcfn","Prof Smith"
"Effective Testing in Java","faculty@university.com"
"aiwanqzoyq","Prof Smith"
"Effective Testing in Java","faculty@university.com"
"weiewchjgu","Prof Smith"
"Effective Testing in Java","faculty@university.com"
"svcsmbsmra","Prof Smith"
"Effective Testing in Java","faculty@university.com"
"ouizjyvxxs","Prof Smith"
"Mastering Testing in Java","differentfaculty@university.com"
"Effective Testing in Java","faculty@university.com"
"mdulsgvdwq","Prof Smith"
"hi!",""
"hi!",""
"",""
"hi!",""
"",""
"hi!",""
"hi!",""
"",""
"hi!",""
"",""
"hi!",""
"hi!",""
"hi!",""
"",""
"hi!",""
"hi!",""
"hi!",""
"hi!",""
"",""
"hi!",""
"hi!",""
"",""
"hi!",""
"hi!",""
"",""
"",""
"hi!",""
"hi!",""
"hi!",""
"hi!",""
"hi!",""
"hi!",""
"hi!",""
"hi!",""
"",""
"hi!",""
"",""
"hi!",""
"hi!",""
"",""
"",""
"hi!",""
"hi!",""
"hi!",""
"",""
"hi!",""
"hi!",""
"",""
"hi!",""
"hi!",""
"hi!",""
"hi!",""
"hi!",""
"",""
"hi!",""
"",""
"hi!",""
"hi!",""
"hi!",""
"hi!",""
"hi!",""
"hi!",""
"",""
"hi!",""
"hi!",""
"",""
"hi!",""
"hi!",""
"hi!",""
"",""
"hi!",""
"",""
"hi!",""
"",""
"",""
"hi!",""
"hi!",""
"hi!",""
"",""
"hi!",""
"",""
"hi!",""
"",""
"",""
"hi!",""
"",""
"",""
"hi!",""
"",""
"hi!",""
"hi!",""
"hi!",""
"",""
"hi!",""
"hi!",""
"hi!",""
"",""
"hi!",""
"",""
"",""
"hi!",""
"hi!",""
"hi!",""
"",""
"",""
"hi!",""
"hi!",""
"hi!",""
"",""
"hi!",""
"",""
"",""
"",""
"hi!",""
"",""
"hi!",""
"",""
"",""
"hi!",""
"hi!",""
"hi!",""
"",""
"hi!",""
"",""
"hi!",""
"",""
"hi!",""
"hi!",""
"hi!",""
"",""
"hi!",""
"",""
"",""
"hi!",""
"",""
"hi!",""
"hi!",""
"",""
"hi!",""
"",""
"",""
"hi!",""
"hi!",""
"",""
"",""
"hi!",""
"",""
"hi!",""
"hi!",""
"hi!",""
"hi!",""
"",""
"",""
"hi!",""
"hi!",""
"",""
"hi!",""
"",""
"hi!",""
"",""
"hi!",""
"hi!",""
"",""
"hi!",""
"hi!",""
"hi!",""
"hi!",""
"hi!",""
"hi!",""
"hi!",""
"",""
"hi!",""
"",""
"",""
"hi!",""
"",""
"",""
"hi!",""
"hi!",""
"",""
"hi!",""
"",""
"hi!",""
"hi!",""
"",""
"",""
"hi!",""
"hi!",""
"hi!",""
"",""
"",""
"hi!",""
"hi!",""
"hi!",""
"hi!",""
"",""
"hi!",""
"",""
"",""
"hi!",""
"",""
"hi!",""
"hi!",""
"",""
"",""
"",""
"hi!",""
"",""
"hi!",""
"",""
"hi!",""
"",""
"hi!",""
"hi!",""
"hi!",""
"hi!",""
"",""
"hi!",""
"",""
"",""
"hi!",""
"hi!",""
"hi!",""
"",""
"hi!",""
"",""
"hi!",""
"hi!",""
"",""
"hi!",""
"",""
"hi!",""
"hi!",""
"hi!",""
"hi!",""
"hi!",""
"hi!",""
"",""
"hi!",""
"hi!",""
"hi!",""
"hi!",""
"",""
"",""
"hi!","hi!"
"hi!",""
"",""
"",""
"hi!",""
"hi!",""
"hi!",""
"hi!",""
"hi!",""
"hi!",""
"",""
"hi!",""
"hi!",""
"hi!",""
"hi!",""
"hi!",""
"",""
"hi!",""
"",""
"hi!",""
"hi!",""
"hi!",""
"",""
"hi!",""
"",""
"hi!",""
"hi!",""
"",""
"hi!",""
"hi!",""
"",""
"hi!","hi!"
"hi!","hi!"
"hi!",""
"hi!",""
"",""
"",""
"hi!",""
"hi!",""
"hi!",""
"hi!",""
"hi!",""
"",""
"hi!",""
"hi!",""
"hi!",""
"hi!",""
"hi!",""
"hi!",""
"",""
"hi!",""
"",""
"",""
"hi!",""
"hi!",""
"hi!",""
"",""
"hi!",""
"hi!",""
"hi!",""
"",""
"hi!",""
"hi!",""
"hi!",""
"hi!",""
"hi!",""
"hi!",""
"",""
"hi!",""
"hi!",""
"",""
"",""
"",""
"","hi!"
"hi!",""
"hi!",""
"",""
"hi!",""
"hi!",""
"hi!",""
"",""
"hi!",""
"",""
"",""
"hi!",""
"hi!",""
"hi!",""
"",""
"hi!",""
"hi!",""
"hi!",""
"",""
"hi!",""
"",""
"hi!",""
"",""
"hi!",""
"",""
"hi!",""
"",""
"",""
"hi!",""
"",""
"hi!",""
"hi!",""
"",""
"hi!",""
"hi!",""
"hi!",""
"","hi!"
"hi!",""
"",""
"hi!",""
"hi!",""
"hi!",""
"hi!",""
"",""
"hi!",""
"hi!",""
"hi!",""
"",""
"",""
"hi!",""
"",""
"",""
"",""
"hi!",""
"hi!",""
"",""
"",""
"hi!",""
"hi!",""
"",""
"hi!",""
"hi!",""
"",""
"hi!",""
"",""
"hi!",""
"hi!",""
"",""
"hi!",""
"hi!",""
"hi!",""
"",""
"",""
"hi!",""
"hi!",""
"",""
"hi!",""
"hi!",""
"",""
"",""
"hi!",""
"",""
"hi!",""
"",""
"",""
"hi!",""
"hi!",""
"hi!",""
"hi!",""
"",""
"hi!",""
"hi!",""
"",""
"hi!",""
"hi!",""
"",""
"hi!",""
"",""
"hi!",""
"",""
"hi!",""
"",""
"",""
"hi!",""
"hi!",""
"",""
"hi!",""
"hi!",""
"hi!",""
"",""
"",""
"hi!",""
"hi!",""
"hi!",""
"hi!",""
"",""
"hi!",""
"",""
"hi!",""
"",""
"",""
"hi!",""
"hi!",""
"hi!",""
"hi!",""
"hi!",""
"hi!","hi!"
"hi!",""
"hi!",""
"",""
"",""
"hi!",""
"hi!",""
"hi!",""
"",""
"hi!",""
"",""
"",""
"hi!",""
"hi!",""
"",""
"hi!",""
"hi!",""
"hi!",""
"",""
"hi!",""
"",""
"hi!",""
"",""
"hi!",""
"hi!",""
"",""
"hi!","hi!"
"hi!",""
"hi!",""
"",""
"hi!",""
"",""
"hi!",""
"hi!",""
"",""
"hi!",""
"",""
"hi!",""
"",""
"",""
"",""
"",""
"hi!",""
"",""
"",""
"hi!",""
"",""
"hi!",""
"hi!",""
"hi!",""
"hi!",""
"",""
"hi!",""
"",""
"hi!",""
"hi!",""
"",""
"hi!",""
"",""
"hi!",""
"hi!",""
"hi!",""
"",""
"hi!",""
"hi!",""
"hi!",""
"hi!",""
"",""
"hi!",""
"hi!",""
"",""
"hi!",""
"hi!",""
"",""
"",""
"hi!",""
"hi!",""
"hi!",""
"hi!",""
"hi!",""
"hi!",""
"hi!",""
"hi!",""
"",""
"hi!",""
"",""
"hi!",""
"hi!",""
"",""
"",""
"hi!",""
"hi!",""
"hi!",""
"",""
"hi!",""
"hi!",""
"",""
"hi!",""
"hi!",""
"hi!",""
"hi!",""
"hi!",""
"",""
"hi!",""
"",""
"hi!",""
"hi!",""
"hi!",""
"hi!",""
"hi!",""
"hi!",""
"",""
"hi!",""
"hi!",""
"",""
"hi!",""
"hi!",""
"hi!",""
"",""
"hi!",""
"",""
"hi!",""
"",""
"",""
"hi!",""
"hi!",""
"hi!",""
"",""
"hi!",""
"",""
"hi!",""
"",""
"",""
"hi!",""
"",""
"",""
"hi!",""
"",""
"hi!",""
"hi!",""
"hi!",""
"",""
"hi!",""
"hi!",""
"hi!",""
"",""
"hi!",""
"",""
"",""
"hi!",""
"hi!",""
"hi!",""
"",""
"",""
"hi!",""
"hi!",""
"hi!",""
"",""
"hi!",""
"",""
"",""
"",""
"hi!",""
"",""
"hi!",""
"",""
"",""
"hi!",""
"hi!",""
"hi!",""
"",""
"hi!",""
"",""
"hi!",""
"",""
"hi!",""
"hi!",""
"hi!",""
"",""
"hi!",""
"",""
"",""
"hi!",""
"",""
"hi!",""
"hi!",""
"",""
"hi!",""
"",""
"",""
"hi!",""
"hi!",""
"",""
"",""
"hi!",""
"",""
"hi!",""
"hi!",""
"hi!",""
"hi!",""
"",""
"",""
"hi!",""
"hi!",""
"",""
"hi!",""
"",""
"hi!",""
"",""
"hi!",""
"hi!",""
"",""
"hi!",""
"hi!",""
"hi!",""
"hi!",""
"hi!",""
"hi!",""
"hi!",""
"",""
"hi!",""
"",""
"",""
"hi!",""
"",""
"",""
"hi!",""
"hi!",""
"",""
"hi!",""
"",""
"hi!",""
"hi!",""
"",""
"",""
"hi!",""
"hi!",""
"hi!",""
"",""
"",""
"hi!",""
"hi!",""
"hi!",""
"hi!",""
"",""
"hi!",""
"",""
"",""
"hi!",""
"",""
"hi!",""
"hi!",""
"",""
"",""
"",""
"hi!",""
"",""
"hi!",""
"",""
"hi!",""
"",""
"hi!",""
"hi!",""
"hi!",""
"hi!",""
"",""
"hi!",""
"",""
"",""
"hi!",""
"hi!",""
"hi!",""
"",""
"hi!",""
"",""
"hi!",""
"hi!",""
"",""
"hi!",""
"",""
"hi!",""
"hi!",""
"hi!",""
"hi!",""
"hi!",""
"hi!",""
"",""
"hi!",""
"hi!",""
"hi!",""
"hi!",""
"",""
"",""
"hi!","hi!"
"hi!",""
"",""
"",""
"hi!",""
"hi!",""
"hi!",""
"hi!",""
"hi!",""
"hi!",""
"",""
"hi!",""
"hi!",""
"hi!",""
"hi!",""
"hi!",""
"",""
"hi!",""
"",""
"hi!",""
"hi!",""
"hi!",""
"",""
"hi!",""
"",""
"hi!",""
"hi!",""
"",""
"hi!",""
"hi!",""
"",""
"hi!","hi!"
"hi!","hi!"
"hi!",""
"hi!",""
"",""
"",""
"hi!",""
"hi!",""
"hi!",""
"hi!",""
"hi!",""
"",""
"hi!",""
"hi!",""
"hi!",""
"hi!",""
"hi!",""
"hi!",""
"",""
"hi!",""
"",""
"",""
"hi!",""
"hi!",""
"hi!",""
"",""
"hi!",""
"hi!",""
"hi!",""
"",""
"hi!",""
"hi!",""
"hi!",""
"hi!",""
"hi!",""
"hi!",""
"",""
"hi!",""
"hi!",""
"",""
"",""
"",""
"","hi!"
"hi!",""
"hi!",""
"",""
"hi!",""
"hi!",""
"hi!",""
"",""
"hi!",""
"",""
"",""
"hi!",""
"hi!",""
"hi!",""
"",""
"hi!",""
"hi!",""
"hi!",""
"",""
"hi!",""
"",""
"hi!",""
"",""
"hi!",""
"",""
"hi!",""
"",""
"",""
"hi!",""
"",""
"hi!",""
"hi!",""
"",""
"hi!",""
"hi!",""
"hi!",""
"","hi!"
"hi!",""
"",""
"hi!",""
"hi!",""
"hi!",""
"hi!",""
"",""
"hi!",""
"hi!",""
"hi!",""
"",""
"",""
"hi!",""
"",""
"",""
"",""
"hi!",""
"hi!",""
"",""
"",""
"hi!",""
"hi!",""
"",""
"hi!",""
"hi!",""
"",""
"hi!",""
"",""
"hi!",""
"hi!",""
"",""
"hi!",""
"hi!",""
"hi!",""
"",""
"",""
"hi!",""
"hi!",""
"",""
"hi!",""
"hi!",""
"",""
"",""
"hi!",""
"",""
"hi!",""
"",""
"",""
"hi!",""
"hi!",""
"hi!",""
"hi!",""
"",""
"hi!",""
"hi!",""
"",""
"hi!",""
"hi!",""
"",""
"hi!",""
"",""
"hi!",""
"",""
"hi!",""
"",""
"",""
"hi!",""
"hi!",""
"",""
"hi!",""
"hi!",""
"hi!",""
"",""
"",""
"hi!",""
"hi!",""
"hi!",""
"hi!",""
"",""
"hi!",""
"",""
"hi!",""
"",""
"",""
"hi!",""
"hi!",""
"hi!",""
"hi!",""
"hi!",""
"hi!","hi!"
"hi!",""
"hi!",""
"",""
"",""
"hi!",""
"hi!",""
"hi!",""
"",""
"hi!",""
"",""
"",""
"hi!",""
"hi!",""
"",""
"hi!",""
"hi!",""
"hi!",""
"",""
"hi!",""
"",""
"hi!",""
"",""
"hi!",""
"hi!",""
"",""
"hi!","hi!"
"hi!",""
"hi!",""
"",""
"hi!",""
"",""
"hi!",""
"hi!",""
"",""
"hi!",""
"",""
"hi!",""
"",""
"",""
"",""
"",""
"hi!",""
"",""
"",""
"hi!",""
"",""
"hi!",""
"hi!",""
"Mastering Testing in Java","differentfaculty@university.com"
"Effective Testing in Java","faculty@university.com"
"xssabkpzwc","Prof Smith"
"Mastering Testing in Java","differentfaculty@university.com"
"Effective Testing in Java","faculty@university.com"
"pnmrrvsnbf","Prof Smith"
"Mastering Testing in Java","differentfaculty@university.com"
"Effective Testing in Java","faculty@university.com"
"hfwgsoabhl","Prof Smith"
"Mastering Testing in Java","differentfaculty@university.com"
"Effective Testing in Java","faculty@university.com"
"cztwoucbtm","Prof Smith"
"Mastering Testing in Java","differentfaculty@university.com"
"Effective Testing in Java","faculty@university.com"
"eqrozjszgn","Prof Smith"
"Mastering Testing in Java","differentfaculty@university.com"
"Effective Testing in Java","faculty@university.com"
"xcpjlusxde","Prof Smith"
"Mastering Testing in Java","differentfaculty@university.com"
"Effective Testing in Java","faculty@university.com"
"bbacjqedqk","Prof Smith"
"Mastering Testing in Java","differentfaculty@university.com"
"Effective Testing in Java","faculty@university.com"
"blvmgoiwvl","Prof Smith"
